{
  "input": "/home/ejhan/AML/SHAP/Task/Misclassified/misclassified_test_samples.csv",
  "sigma_input": "/home/ejhan/AML/SHAP/test_confidence_by_sample_bad_positive.csv",
  "decision_boundary": 0.56,
  "sigma_source_column": "raw_bad_probability",
  "sigma_ddof": 0,
  "sigma_multiplier": 1.0,
  "sigma": 0.1867002307220001,
  "lower_bound": 0.37329976927799996,
  "upper_bound": 0.7467002307220001,
  "total_sample_count": 45,
  "sigma_source_sample_count": 200,
  "within_1sigma": {
    "group": "within_1sigma",
    "sample_count": 36,
    "sample_indices": [
      3,
      8,
      11,
      13,
      35,
      36,
      39,
      41,
      55,
      69,
      70,
      71,
      74,
      82,
      88,
      94,
      105,
      112,
      121,
      122,
      133,
      134,
      140,
      149,
      154,
      156,
      159,
      166,
      168,
      170,
      175,
      181,
      183,
      185,
      186,
      198
    ],
    "misclassified_count": 36,
    "misclassified_sample_indices": [
      3,
      8,
      11,
      13,
      35,
      36,
      39,
      41,
      55,
      69,
      70,
      71,
      74,
      82,
      88,
      94,
      105,
      112,
      121,
      122,
      133,
      134,
      140,
      149,
      154,
      156,
      159,
      166,
      168,
      170,
      175,
      181,
      183,
      185,
      186,
      198
    ]
  },
  "outside_1sigma": {
    "group": "outside_1sigma",
    "sample_count": 9,
    "sample_indices": [
      4,
      22,
      49,
      60,
      64,
      77,
      109,
      110,
      111
    ],
    "misclassified_count": 9,
    "misclassified_sample_indices": [
      4,
      22,
      49,
      60,
      64,
      77,
      109,
      110,
      111
    ]
  }
}