prefix,mean_abs_shap
checking_status,0.09832411535983775
duration,0.040459491346828094
savings_status,0.03847520239512046
credit_history,0.027943811495578886
purpose,0.020572155185462484
housing,0.019707620268576982
credit,0.019161841636604074
installment,0.01633463839497446
employment,0.016279486551392792
age,0.011207213432471027
job,0.006964475814900008
Sex,0.006949035110661931
Married,0.004281658026224969
existing,0.0025265169746394728
