prefix,mean_abs_shap
checking_status,0.10693225914489878
duration,0.04316548967440436
savings_status,0.041738622347809236
credit_history,0.032099462763197195
purpose,0.024315897958345118
housing,0.022446267293990404
credit,0.022397180621268525
employment,0.021231146726233607
installment,0.014713572952352332
age,0.013025707851357872
Sex,0.007695069299280892
job,0.007491931303113487
Married,0.0053554149546869
existing,0.0026955570228437086
