prefix,mean_abs_shap
checking_status,0.1087383539356924
duration,0.053291768628219875
savings_status,0.03999486638953558
credit,0.0313584933254391
purpose,0.024343057115244947
employment,0.022185408322031846
credit_history,0.02058372502460895
installment,0.017835684793777316
housing,0.016277445933296546
age,0.016191915680358913
job,0.010053700201586597
Married,0.00867370098685482
existing,0.007947503474699238
