prefix,mean_abs_shap
checking_status,0.10680805805184074
duration,0.04307992133598312
savings_status,0.04162122323025387
credit_history,0.03219106946569538
purpose,0.02424951995315296
credit,0.022430442562964416
housing,0.02242535246954243
employment,0.021305170099975176
installment,0.014633872194740917
age,0.013049839766701276
Sex,0.007726775800849219
job,0.007504221504075991
Married,0.0052901237620779805
existing,0.0026957166324345517
