prefix,mean_abs_shap
checking_status,0.10776409469069571
duration,0.0517846774532119
savings_status,0.04000733528385458
credit,0.0325795639233743
purpose,0.02495392111447559
employment,0.022314768590375816
credit_history,0.02098593272051605
installment,0.018140615036750563
age,0.01676751548572174
housing,0.01637561716593172
job,0.009821760527981276
Married,0.00921186898482375
existing,0.008135615589189472
