{
  "input": "/home/ejhan/AML/SHAP/Task/Classified/correct_classified_test_samples.csv",
  "sigma_input": "/home/ejhan/AML/SHAP/test_confidence_by_sample_bad_positive.csv",
  "decision_boundary": 0.56,
  "sigma_source_column": "raw_bad_probability",
  "sigma_ddof": 0,
  "sigma_multiplier": 1.0,
  "sigma": 0.1867002307220001,
  "lower_bound": 0.37329976927799996,
  "upper_bound": 0.7467002307220001,
  "total_sample_count": 155,
  "sigma_source_sample_count": 200,
  "within_1sigma": {
    "group": "within_1sigma",
    "sample_count": 67,
    "sample_indices": [
      0,
      1,
      2,
      5,
      6,
      7,
      14,
      16,
      23,
      24,
      25,
      32,
      33,
      40,
      42,
      47,
      48,
      52,
      53,
      54,
      58,
      59,
      61,
      62,
      63,
      65,
      68,
      78,
      86,
      89,
      90,
      91,
      92,
      93,
      97,
      98,
      99,
      115,
      116,
      117,
      120,
      124,
      127,
      128,
      129,
      132,
      135,
      138,
      139,
      141,
      143,
      144,
      145,
      152,
      153,
      155,
      160,
      162,
      167,
      172,
      178,
      179,
      182,
      184,
      188,
      191,
      193
    ],
    "misclassified_count": 0,
    "misclassified_sample_indices": []
  },
  "outside_1sigma": {
    "group": "outside_1sigma",
    "sample_count": 88,
    "sample_indices": [
      9,
      10,
      12,
      15,
      17,
      18,
      19,
      20,
      21,
      26,
      27,
      28,
      29,
      30,
      31,
      34,
      37,
      38,
      43,
      44,
      45,
      46,
      50,
      51,
      56,
      57,
      66,
      67,
      72,
      73,
      75,
      76,
      79,
      80,
      81,
      83,
      84,
      85,
      87,
      95,
      96,
      100,
      101,
      102,
      103,
      104,
      106,
      107,
      108,
      113,
      114,
      118,
      119,
      123,
      125,
      126,
      130,
      131,
      136,
      137,
      142,
      146,
      147,
      148,
      150,
      151,
      157,
      158,
      161,
      163,
      164,
      165,
      169,
      171,
      173,
      174,
      176,
      177,
      180,
      187,
      189,
      190,
      192,
      194,
      195,
      196,
      197,
      199
    ],
    "misclassified_count": 0,
    "misclassified_sample_indices": []
  }
}